{
  "system_count": 2,
  "queue_data": {
    "0": [5, 5]
  },
  "toolbox": "<xml id=\"toolbox\"><category name=\"Systeem\" colour=\"#5ba5a5\"><block type=\"system_send\"></block><block type=\"system_no_send\"></block></category><category name=\"Logica\" colour=\"#5C81A6\"><block type=\"controls_if\"></block></category><category name=\"Getallen\" colour=\"#5C68A6\"><block type=\"math_random_chance\"><value name=\"CHANCE\"><shadow type=\"math_number\"><field name=\"NUM\">50</field></shadow></value></block></category></xml>",
  "text": [
    "Als twee systemen tegelijk proberen te versturen mislukt het, omdat ze door elkaar heen \"praten\". Dit noemen we een collisie.<br><br>De makkelijkste manier om collisies te voorkomen is door de systemen een willekeurige kans geven te versturen. Dit zorgt ervoor dat ze niet telkens tegelijk proberen te versturen.",
    "Alles wat in het <svg width=\"100px\" height=\"63px\"><g><path class=\"blocklyPathDark\" transform=\"translate(1,1)\" fill=\"#496684\" d=\"m 0,8 A 8,8 0 0,1 8,0 H 15 l 6,4 3,0 6,-4 H 98.07441711425781 v 5 c 0,10 -8,-8 -8,7.5 s 8,-2.5 8,7.5 v 4 H 98.07441711425781 l -6,4 -3,0 -6,-4 h -7 a 8,8 0 0,0 -8,8 v 8 a 8,8 0 0,0 8,8 H 98.07441711425781 v 10 H 29.5 l -6,4 -3,0 -6,-4 H 8 a 8,8 0 0,1 -8,-8 z\"></path><path class=\"blocklyPath\" stroke=\"none\" fill=\"#5b80a5\" d=\"m 0,8 A 8,8 0 0,1 8,0 H 15 l 6,4 3,0 6,-4 H 98.07441711425781 v 5 c 0,10 -8,-8 -8,7.5 s 8,-2.5 8,7.5 v 4 H 98.07441711425781 l -6,4 -3,0 -6,-4 h -7 a 8,8 0 0,0 -8,8 v 8 a 8,8 0 0,0 8,8 H 98.07441711425781 v 10 H 29.5 l -6,4 -3,0 -6,-4 H 8 a 8,8 0 0,1 -8,-8 z\"></path><path class=\"blocklyPathLight\" stroke=\"#8ca6c0\" d=\"m 0.5,7.5 A 7.5,7.5 0 0,1 8,0.5 H 15 l 6,4 3,0 6,-4 H 97.57441711425781 M 97.57441711425781,0.5 M 93.07441711425781,19.3 l 3.68,-2.1 M 97.57441711425781,24.5 M 70.06400947417215,46.01040764008565 a 8.5,8.5 0 0,0 6.0104076400856545,2.4895923599143455 H 97.57441711425781 M 2.6966991411008934,55.30330085889911 A 7.5,7.5 0 0,1 0.5,50 V 8\"></path><g class=\"blocklyIconGroup\" display=\"block\" transform=\"translate(10,5)\"><rect class=\"blocklyIconShape\" rx=\"4\" ry=\"4\" height=\"16\" width=\"16\"></rect><path class=\"blocklyIconSymbol\" d=\"m4.203,7.296 0,1.368 -0.92,0.677 -0.11,0.41 0.9,1.559 0.41,0.11 1.043,-0.457 1.187,0.683 0.127,1.134 0.3,0.3 1.8,0 0.3,-0.299 0.127,-1.138 1.185,-0.682 1.046,0.458 0.409,-0.11 0.9,-1.559 -0.11,-0.41 -0.92,-0.677 0,-1.366 0.92,-0.677 0.11,-0.41 -0.9,-1.559 -0.409,-0.109 -1.046,0.458 -1.185,-0.682 -0.127,-1.138 -0.3,-0.299 -1.8,0 -0.3,0.3 -0.126,1.135 -1.187,0.682 -1.043,-0.457 -0.41,0.11 -0.899,1.559 0.108,0.409z\"></path><circle class=\"blocklyIconShape\" r=\"2.7\" cx=\"8\" cy=\"8\"></circle></g><g transform=\"translate(37,5)\"><text class=\"blocklyText\" y=\"12.5\">als</text></g><g transform=\"translate(10,29)\"><text class=\"blocklyText\" y=\"12.5\">voer&nbsp;uit</text></g></g></svg> blok staat wordt alleen uitgevoerd als hetgene wat in het bovenste gedeeldte staat waar is.<br><br>Het tandwiel kan gebruikt worden om het blok uit te breiden.",
    "Het <svg width=\"168px\" height=\"37px\"><g><path class=\"blocklyPathDark\" transform=\"translate(1,1)\" fill=\"#495284\" d=\"m 0,0 H 20 H 158.4652557373047 v 36 H 0 V 20 c 0,-10 -8,8 -8,-7.5 s 8,2.5 8,-7.5 z M 125.43017578125,5 h -38.306365966796875 v 5 c 0,10 -8,-8 -8,7.5 s 8,-2.5 8,7.5 v 7 h 38.306365966796875 z\"></path><path class=\"blocklyPath\" stroke=\"none\" fill=\"#5b67a5\" d=\"m 0,0 H 20 H 158.4652557373047 v 36 H 0 V 20 c 0,-10 -8,8 -8,-7.5 s 8,2.5 8,-7.5 z M 125.43017578125,5 h -38.306365966796875 v 5 c 0,10 -8,-8 -8,7.5 s 8,-2.5 8,7.5 v 7 h 38.306365966796875 z\"></path><path class=\"blocklyPathLight\" stroke=\"#8c95c0\" d=\"m 0.5,0.5 H 19.5 M 19.5,0.5 H 157.9652557373047 M 0.5,35.5 V 18.5 m -7.36,-0.5 q -1.52,-5.5 0,-11 m 7.36,1 V 0.5 H 1 M 125.93017578125,5.5 v 27 h -38.306365966796875 M 82.02380981445313,24.3 l 3.68,-2.1\"></path><g data-id=\"mcsvBhUmrgVSPXPK#s56\" transform=\"translate(88.12380981445312,6)\"><path class=\"blocklyPathDark\" transform=\"translate(1,1)\" fill=\"#bdc2db\" d=\"m 0,0 H 36.306365966796875 v 25 H 0 V 20 c 0,-10 -8,8 -8,-7.5 s 8,2.5 8,-7.5 z\"></path><path class=\"blocklyPath\" stroke=\"none\" fill=\"#bdc2db\" d=\"m 0,0 H 36.306365966796875 v 25 H 0 V 20 c 0,-10 -8,8 -8,-7.5 s 8,2.5 8,-7.5 z\"></path><path class=\"blocklyPathLight\" d=\"m 0.5,0.5 H 35.806365966796875 M 35.806365966796875,0.5 M 0.5,24.5 V 18.5 m -7.36,-0.5 q -1.52,-5.5 0,-11 m 7.36,1 V 0.5 H 1\" style=\"display: none;\"></path><g class=\"blocklyEditableText\" transform=\"translate(10,5)\" style=\"cursor: text;\"><rect rx=\"4\" ry=\"4\" x=\"-5\" y=\"0\" height=\"16\" width=\"26.306365966796875\"></rect><text class=\"blocklyText\" y=\"12.5\">50</text></g></g><g transform=\"translate(10,10)\"><text class=\"blocklyText\" y=\"12.5\">Kans&nbsp;van</text></g><g transform=\"translate(135.43017578125,10)\"><text class=\"blocklyText\" y=\"12.5\">%</text></g></g></svg> blok geeft waar of niet waar terug met de gegeven kans.<br><br>Dit kan gecombineerd worden met het als blok om iets uit te voeren met een gegeven kans."
  ]
}